ID,Dataset_Name,Description,Domain,Source,N_Rows,Stratifying_Columns_Hint,Download_URL,Documentation_URL
1,interaction_triptych,Interaction Triptych Data,Causal Inference (methodological),Rdatasets (R package: quartets),2700,1 factor / 0 binary cols,https://vincentarelbundock.github.io/Rdatasets/csv/quartets/interaction_triptych.csv,https://vincentarelbundock.github.io/Rdatasets/doc/quartets/interaction_triptych.html
2,esoph_ca,esoph_ca: Esophageal Cancer dataset,Medicine/Clinical,Rdatasets (R package: medicaldata),88,3 factor / 0 binary cols,https://vincentarelbundock.github.io/Rdatasets/csv/medicaldata/esoph_ca.csv,https://vincentarelbundock.github.io/Rdatasets/doc/medicaldata/esoph_ca.html
3,indo_rct,RCT of Indomethacin for Prevention of Post-ERCP Pancreatitis,Medicine/Clinical,Rdatasets (R package: medicaldata),602,29 factor / 25 binary cols,https://vincentarelbundock.github.io/Rdatasets/csv/medicaldata/indo_rct.csv,https://vincentarelbundock.github.io/Rdatasets/doc/medicaldata/indo_rct.html
4,indometh,Cohort Study of the Pharmacokinetics of Intravenous Indomethacin,Medicine/Clinical,Rdatasets (R package: medicaldata),66,1 factor / 0 binary cols,https://vincentarelbundock.github.io/Rdatasets/csv/medicaldata/indometh.csv,https://vincentarelbundock.github.io/Rdatasets/doc/medicaldata/indometh.html
5,opt,Obstetrics and Periodontal Therapy Dataset,Medicine/Clinical,Rdatasets (R package: medicaldata),823,73 factor / 29 binary cols,https://vincentarelbundock.github.io/Rdatasets/csv/medicaldata/opt.csv,https://vincentarelbundock.github.io/Rdatasets/doc/medicaldata/opt.html
6,polyps,RCT of Sulindac for Polyp Prevention in Familial Adenomatous Polyposis,Medicine/Clinical,Rdatasets (R package: medicaldata),22,2 factor / 2 binary cols,https://vincentarelbundock.github.io/Rdatasets/csv/medicaldata/polyps.csv,https://vincentarelbundock.github.io/Rdatasets/doc/medicaldata/polyps.html
7,Aids2_df,Australian AIDS Survival Data,Medicine/Clinical,Rdatasets (R package: MedDataSets),2843,4 factor / 2 binary cols,https://vincentarelbundock.github.io/Rdatasets/csv/MedDataSets/Aids2_df.csv,https://vincentarelbundock.github.io/Rdatasets/doc/MedDataSets/Aids2_df.html
8,anorexia_df,Anorexia Data on Weight Change,Medicine/Clinical,Rdatasets (R package: MedDataSets),72,1 factor / 0 binary cols,https://vincentarelbundock.github.io/Rdatasets/csv/MedDataSets/anorexia_df.csv,https://vincentarelbundock.github.io/Rdatasets/doc/MedDataSets/anorexia_df.html
9,antibiotics_tbl_df,Pre-existing Conditions in Children,Medicine/Clinical,Rdatasets (R package: MedDataSets),92,1 factor / 0 binary cols,https://vincentarelbundock.github.io/Rdatasets/csv/MedDataSets/antibiotics_tbl_df.csv,https://vincentarelbundock.github.io/Rdatasets/doc/MedDataSets/antibiotics_tbl_df.html
10,avandia_tbl_df,Cardiovascular Problems for Two Types of Diabetes Medicines,Medicine/Clinical,Rdatasets (R package: MedDataSets),227571,2 factor / 2 binary cols,https://vincentarelbundock.github.io/Rdatasets/csv/MedDataSets/avandia_tbl_df.csv,https://vincentarelbundock.github.io/Rdatasets/doc/MedDataSets/avandia_tbl_df.html
11,bacteria_df,Presence of Bacteria after Drug Treatments,Medicine/Clinical,Rdatasets (R package: MedDataSets),220,5 factor / 3 binary cols,https://vincentarelbundock.github.io/Rdatasets/csv/MedDataSets/bacteria_df.csv,https://vincentarelbundock.github.io/Rdatasets/doc/MedDataSets/bacteria_df.html
12,biontech_teens_tbl_df,Pfizer-BioNTech COVID-19 Vaccine Efficacy in Adolescents,Medicine/Clinical,Rdatasets (R package: MedDataSets),2260,2 factor / 2 binary cols,https://vincentarelbundock.github.io/Rdatasets/csv/MedDataSets/biontech_teens_tbl_df.csv,https://vincentarelbundock.github.io/Rdatasets/doc/MedDataSets/biontech_teens_tbl_df.html
13,Cushings_df,Diagnostic Tests on Patients with Cushing's Syndrome,Medicine/Clinical,Rdatasets (R package: MedDataSets),27,1 factor / 0 binary cols,https://vincentarelbundock.github.io/Rdatasets/csv/MedDataSets/Cushings_df.csv,https://vincentarelbundock.github.io/Rdatasets/doc/MedDataSets/Cushings_df.html
14,AlcoholIntakeCancer_df,Alcohol Intake and Colorectal Cancer Data,Medicine/Clinical,Rdatasets (R package: OncoDataSets),48,2 factor / 0 binary cols,https://vincentarelbundock.github.io/Rdatasets/csv/OncoDataSets/AlcoholIntakeCancer_df.csv,https://vincentarelbundock.github.io/Rdatasets/doc/OncoDataSets/AlcoholIntakeCancer_df.html
15,BrainCancerCases_df,New Mexico Brain Cancer Cases Data,Medicine/Clinical,Rdatasets (R package: OncoDataSets),1175,1 factor / 1 binary cols,https://vincentarelbundock.github.io/Rdatasets/csv/OncoDataSets/BrainCancerCases_df.csv,https://vincentarelbundock.github.io/Rdatasets/doc/OncoDataSets/BrainCancerCases_df.html
16,BrainCancerGeo_df,New Mexico Brain Cancer Geography Data,Medicine/Clinical,Rdatasets (R package: OncoDataSets),32,1 factor / 0 binary cols,https://vincentarelbundock.github.io/Rdatasets/csv/OncoDataSets/BrainCancerGeo_df.csv,https://vincentarelbundock.github.io/Rdatasets/doc/OncoDataSets/BrainCancerGeo_df.html
17,BreastCancerWI_df,Breast Cancer Wisconsin (Diagnostic),Medicine/Clinical,Rdatasets (R package: OncoDataSets),569,1 factor / 1 binary cols,https://vincentarelbundock.github.io/Rdatasets/csv/OncoDataSets/BreastCancerWI_df.csv,https://vincentarelbundock.github.io/Rdatasets/doc/OncoDataSets/BreastCancerWI_df.html
18,cancer_in_dogs_tbl_df,"Cancer in Dogs and Exposure to 2,4-D Herbicide",Medicine/Clinical,Rdatasets (R package: OncoDataSets),1436,2 factor / 2 binary cols,https://vincentarelbundock.github.io/Rdatasets/csv/OncoDataSets/cancer_in_dogs_tbl_df.csv,https://vincentarelbundock.github.io/Rdatasets/doc/OncoDataSets/cancer_in_dogs_tbl_df.html
19,CervicalCancer_df,Cervical Cancer Screening with Smartphones,Medicine/Clinical,Rdatasets (R package: OncoDataSets),181,10 factor / 8 binary cols,https://vincentarelbundock.github.io/Rdatasets/csv/OncoDataSets/CervicalCancer_df.csv,https://vincentarelbundock.github.io/Rdatasets/doc/OncoDataSets/CervicalCancer_df.html
20,cardio_diabetes_tbl_df,Cardiovascular risks of diabetes drugs,Medicine/Clinical,Rdatasets (R package: CardioDataSets),227571,2 factor / 2 binary cols,https://vincentarelbundock.github.io/Rdatasets/csv/CardioDataSets/cardio_diabetes_tbl_df.csv,https://vincentarelbundock.github.io/Rdatasets/doc/CardioDataSets/cardio_diabetes_tbl_df.html
21,cpr_survival_tbl_df,Blood thinners in CPR survival,Medicine/Clinical,Rdatasets (R package: CardioDataSets),90,2 factor / 2 binary cols,https://vincentarelbundock.github.io/Rdatasets/csv/CardioDataSets/cpr_survival_tbl_df.csv,https://vincentarelbundock.github.io/Rdatasets/doc/CardioDataSets/cpr_survival_tbl_df.html
22,AD_biomarkers_tbl_df,Alzheimer's Biomarkers,Medicine/Clinical,Rdatasets (R package: NeuroDataSets),333,2 factor / 2 binary cols,https://vincentarelbundock.github.io/Rdatasets/csv/NeuroDataSets/AD_biomarkers_tbl_df.csv,https://vincentarelbundock.github.io/Rdatasets/doc/NeuroDataSets/AD_biomarkers_tbl_df.html
23,adolescent_mental_health_df,Adolescent Mental Health Study,Medicine/Clinical,Rdatasets (R package: NeuroDataSets),4344,1 factor / 0 binary cols,https://vincentarelbundock.github.io/Rdatasets/csv/NeuroDataSets/adolescent_mental_health_df.csv,https://vincentarelbundock.github.io/Rdatasets/doc/NeuroDataSets/adolescent_mental_health_df.html
24,alzheimer_smoking_df,Smoking and Alzheimer's Disease,Medicine/Clinical,Rdatasets (R package: NeuroDataSets),538,3 factor / 1 binary cols,https://vincentarelbundock.github.io/Rdatasets/csv/NeuroDataSets/alzheimer_smoking_df.csv,https://vincentarelbundock.github.io/Rdatasets/doc/NeuroDataSets/alzheimer_smoking_df.html
25,blood_brain_barrier_df,Blood-Brain Barrier,Medicine/Clinical,Rdatasets (R package: NeuroDataSets),34,2 factor / 2 binary cols,https://vincentarelbundock.github.io/Rdatasets/csv/NeuroDataSets/blood_brain_barrier_df.csv,https://vincentarelbundock.github.io/Rdatasets/doc/NeuroDataSets/blood_brain_barrier_df.html
26,brain_litter_mammals_df,Mammal Brain Size and Litter Size Relationship,Medicine/Clinical,Rdatasets (R package: NeuroDataSets),96,1 factor / 1 binary cols,https://vincentarelbundock.github.io/Rdatasets/csv/NeuroDataSets/brain_litter_mammals_df.csv,https://vincentarelbundock.github.io/Rdatasets/doc/NeuroDataSets/brain_litter_mammals_df.html
27,crimOffenders_df,Criminal Offenders Screened in Florida,Criminal Justice,Rdatasets (R package: crimedatasets),5855,3 factor / 2 binary cols,https://vincentarelbundock.github.io/Rdatasets/csv/crimedatasets/crimOffenders_df.csv,https://vincentarelbundock.github.io/Rdatasets/doc/crimedatasets/crimOffenders_df.html
28,crimtab_table,Student's 3000 Criminals Data,Criminal Justice,Rdatasets (R package: crimedatasets),924,2 factor / 0 binary cols,https://vincentarelbundock.github.io/Rdatasets/csv/crimedatasets/crimtab_table.csv,https://vincentarelbundock.github.io/Rdatasets/doc/crimedatasets/crimtab_table.html
29,CyberSecurityBreaches_df,Cybersecurity Breaches Reported to US Health Department,Criminal Justice,Rdatasets (R package: crimedatasets),1151,4 factor / 1 binary cols,https://vincentarelbundock.github.io/Rdatasets/csv/crimedatasets/CyberSecurityBreaches_df.csv,https://vincentarelbundock.github.io/Rdatasets/doc/crimedatasets/CyberSecurityBreaches_df.html
30,Fatality_df,Drunk Driving Laws and Traffic Deaths,Criminal Justice,Rdatasets (R package: crimedatasets),336,2 factor / 2 binary cols,https://vincentarelbundock.github.io/Rdatasets/csv/crimedatasets/Fatality_df.csv,https://vincentarelbundock.github.io/Rdatasets/doc/crimedatasets/Fatality_df.html
31,fraudulent_df,Fraudulent Automobile Insurance Claims,Criminal Justice,Rdatasets (R package: crimedatasets),42,10 factor / 11 binary cols,https://vincentarelbundock.github.io/Rdatasets/csv/crimedatasets/fraudulent_df.csv,https://vincentarelbundock.github.io/Rdatasets/doc/crimedatasets/fraudulent_df.html
32,Gallup_tbl_df,Gallup Marijuana Possession Poll (1980),Criminal Justice,Rdatasets (R package: crimedatasets),1200,2 factor / 0 binary cols,https://vincentarelbundock.github.io/Rdatasets/csv/crimedatasets/Gallup_tbl_df.csv,https://vincentarelbundock.github.io/Rdatasets/doc/crimedatasets/Gallup_tbl_df.html
33,Arthritis,Arthritis Treatment Data,Categorical Data / Mixed,Rdatasets (R package: vcd),84,3 factor / 2 binary cols,https://vincentarelbundock.github.io/Rdatasets/csv/vcd/Arthritis.csv,https://vincentarelbundock.github.io/Rdatasets/doc/vcd/Arthritis.html
34,Baseball,Baseball Data,Categorical Data / Mixed,Rdatasets (R package: vcd),322,6 factor / 3 binary cols,https://vincentarelbundock.github.io/Rdatasets/csv/vcd/Baseball.csv,https://vincentarelbundock.github.io/Rdatasets/doc/vcd/Baseball.html
35,BrokenMarriage,Broken Marriage Data,Categorical Data / Mixed,Rdatasets (R package: vcd),20,3 factor / 2 binary cols,https://vincentarelbundock.github.io/Rdatasets/csv/vcd/BrokenMarriage.csv,https://vincentarelbundock.github.io/Rdatasets/doc/vcd/BrokenMarriage.html
36,Bundesliga,Ergebnisse der Fussball-Bundesliga,Categorical Data / Mixed,Rdatasets (R package: vcd),14018,2 factor / 0 binary cols,https://vincentarelbundock.github.io/Rdatasets/csv/vcd/Bundesliga.csv,https://vincentarelbundock.github.io/Rdatasets/doc/vcd/Bundesliga.html
37,Bundestag2005,Votes in German Bundestag Election 2005,Categorical Data / Mixed,Rdatasets (R package: vcd),80,2 factor / 0 binary cols,https://vincentarelbundock.github.io/Rdatasets/csv/vcd/Bundestag2005.csv,https://vincentarelbundock.github.io/Rdatasets/doc/vcd/Bundestag2005.html
38,Butterfly,Butterfly Species in Malaya,Categorical Data / Mixed,Rdatasets (R package: vcd),24,1 factor / 0 binary cols,https://vincentarelbundock.github.io/Rdatasets/csv/vcd/Butterfly.csv,https://vincentarelbundock.github.io/Rdatasets/doc/vcd/Butterfly.html
39,CoalMiners,Breathlessness and Wheeze in Coal Miners,Categorical Data / Mixed,Rdatasets (R package: vcd),36,3 factor / 2 binary cols,https://vincentarelbundock.github.io/Rdatasets/csv/vcd/CoalMiners.csv,https://vincentarelbundock.github.io/Rdatasets/doc/vcd/CoalMiners.html
40,DanishWelfare,Danish Welfare Study Data,Categorical Data / Mixed,Rdatasets (R package: vcd),180,4 factor / 0 binary cols,https://vincentarelbundock.github.io/Rdatasets/csv/vcd/DanishWelfare.csv,https://vincentarelbundock.github.io/Rdatasets/doc/vcd/DanishWelfare.html
41,Employment,Employment Status,Categorical Data / Mixed,Rdatasets (R package: vcd),24,3 factor / 2 binary cols,https://vincentarelbundock.github.io/Rdatasets/csv/vcd/Employment.csv,https://vincentarelbundock.github.io/Rdatasets/doc/vcd/Employment.html
42,Hitters,Hitters Data,Categorical Data / Mixed,Rdatasets (R package: vcd),154,1 factor / 0 binary cols,https://vincentarelbundock.github.io/Rdatasets/csv/vcd/Hitters.csv,https://vincentarelbundock.github.io/Rdatasets/doc/vcd/Hitters.html
43,Accident,Traffic Accident Victims in France in 1958,Categorical Data / Mixed,Rdatasets (R package: vcdExtra),80,4 factor / 2 binary cols,https://vincentarelbundock.github.io/Rdatasets/csv/vcdExtra/Accident.csv,https://vincentarelbundock.github.io/Rdatasets/doc/vcdExtra/Accident.html
44,AirCrash,Air Crash Data,Categorical Data / Mixed,Rdatasets (R package: vcdExtra),439,2 factor / 0 binary cols,https://vincentarelbundock.github.io/Rdatasets/csv/vcdExtra/AirCrash.csv,https://vincentarelbundock.github.io/Rdatasets/doc/vcdExtra/AirCrash.html
45,Alligator,Alligator Food Choice,Categorical Data / Mixed,Rdatasets (R package: vcdExtra),80,4 factor / 2 binary cols,https://vincentarelbundock.github.io/Rdatasets/csv/vcdExtra/Alligator.csv,https://vincentarelbundock.github.io/Rdatasets/doc/vcdExtra/Alligator.html
46,Burt,"Burt (1950) Data on Hair, Eyes, Head and Stature",Categorical Data / Mixed,Rdatasets (R package: vcdExtra),36,4 factor / 2 binary cols,https://vincentarelbundock.github.io/Rdatasets/csv/vcdExtra/Burt.csv,https://vincentarelbundock.github.io/Rdatasets/doc/vcdExtra/Burt.html
47,Caesar,Risk Factors for Infection in Caesarian Births,Categorical Data / Mixed,Rdatasets (R package: vcdExtra),24,4 factor / 3 binary cols,https://vincentarelbundock.github.io/Rdatasets/csv/vcdExtra/Caesar.csv,https://vincentarelbundock.github.io/Rdatasets/doc/vcdExtra/Caesar.html
48,Cormorants,Advertising Behavior by Males Cormorants,Categorical Data / Mixed,Rdatasets (R package: vcdExtra),343,6 factor / 2 binary cols,https://vincentarelbundock.github.io/Rdatasets/csv/vcdExtra/Cormorants.csv,https://vincentarelbundock.github.io/Rdatasets/doc/vcdExtra/Cormorants.html
49,CrabSatellites,Horseshoe Crab Mating,Categorical Data / Mixed,Rdatasets (R package: vcdExtra),173,2 factor / 0 binary cols,https://vincentarelbundock.github.io/Rdatasets/csv/vcdExtra/CrabSatellites.csv,https://vincentarelbundock.github.io/Rdatasets/doc/vcdExtra/CrabSatellites.html
50,DaytonSurvey,Dayton Student Survey on Substance Use,Categorical Data / Mixed,Rdatasets (R package: vcdExtra),32,5 factor / 5 binary cols,https://vincentarelbundock.github.io/Rdatasets/csv/vcdExtra/DaytonSurvey.csv,https://vincentarelbundock.github.io/Rdatasets/doc/vcdExtra/DaytonSurvey.html
51,Detergent,Detergent Preference Data,Categorical Data / Mixed,Rdatasets (R package: vcdExtra),24,4 factor / 3 binary cols,https://vincentarelbundock.github.io/Rdatasets/csv/vcdExtra/Detergent.csv,https://vincentarelbundock.github.io/Rdatasets/doc/vcdExtra/Detergent.html
52,Donner,Survival in the Donner Party,Categorical Data / Mixed,Rdatasets (R package: vcdExtra),90,2 factor / 2 binary cols,https://vincentarelbundock.github.io/Rdatasets/csv/vcdExtra/Donner.csv,https://vincentarelbundock.github.io/Rdatasets/doc/vcdExtra/Donner.html
53,Cholera,"William Farr's Data on Cholera in London, 1849",Historical / Social Science,Rdatasets (R package: HistData),38,2 factor / 0 binary cols,https://vincentarelbundock.github.io/Rdatasets/csv/HistData/Cholera.csv,https://vincentarelbundock.github.io/Rdatasets/doc/HistData/Cholera.html
54,CholeraDeaths1849,"Daily Deaths from Cholera and Diarrhaea in England, 1849",Historical / Social Science,Rdatasets (R package: HistData),730,2 factor / 1 binary cols,https://vincentarelbundock.github.io/Rdatasets/csv/HistData/CholeraDeaths1849.csv,https://vincentarelbundock.github.io/Rdatasets/doc/HistData/CholeraDeaths1849.html
55,Dactyl,Edgeworth's counts of dactyls in Virgil's Aeneid,Historical / Social Science,Rdatasets (R package: HistData),60,2 factor / 0 binary cols,https://vincentarelbundock.github.io/Rdatasets/csv/HistData/Dactyl.csv,https://vincentarelbundock.github.io/Rdatasets/doc/HistData/Dactyl.html
56,DrinksWages,Elderton and Pearson's (1910) data on drinking and wages,Historical / Social Science,Rdatasets (R package: HistData),70,2 factor / 0 binary cols,https://vincentarelbundock.github.io/Rdatasets/csv/HistData/DrinksWages.csv,https://vincentarelbundock.github.io/Rdatasets/doc/HistData/DrinksWages.html
57,EdgeworthDeaths,Edgeworth's Data on Death Rates in British Counties,Historical / Social Science,Rdatasets (R package: HistData),42,2 factor / 0 binary cols,https://vincentarelbundock.github.io/Rdatasets/csv/HistData/EdgeworthDeaths.csv,https://vincentarelbundock.github.io/Rdatasets/doc/HistData/EdgeworthDeaths.html
58,Fingerprints,Waite's data on Patterns in Fingerprints,Historical / Social Science,Rdatasets (R package: HistData),36,2 factor / 0 binary cols,https://vincentarelbundock.github.io/Rdatasets/csv/HistData/Fingerprints.csv,https://vincentarelbundock.github.io/Rdatasets/doc/HistData/Fingerprints.html
59,GaltonFamilies,"Galton's data on the heights of parents and their children, by child",Historical / Social Science,Rdatasets (R package: HistData),934,2 factor / 1 binary cols,https://vincentarelbundock.github.io/Rdatasets/csv/HistData/GaltonFamilies.csv,https://vincentarelbundock.github.io/Rdatasets/doc/HistData/GaltonFamilies.html
60,Guerry,"Data from A.-M. Guerry, ""Essay on the Moral Statistics of France""",Historical / Social Science,Rdatasets (R package: HistData),86,3 factor / 0 binary cols,https://vincentarelbundock.github.io/Rdatasets/csv/HistData/Guerry.csv,https://vincentarelbundock.github.io/Rdatasets/doc/HistData/Guerry.html
61,Langren.all,van Langren's Data on Longitude Distance between Toledo and Rome,Historical / Social Science,Rdatasets (R package: HistData),61,2 factor / 1 binary cols,https://vincentarelbundock.github.io/Rdatasets/csv/HistData/Langren.all.csv,https://vincentarelbundock.github.io/Rdatasets/doc/HistData/Langren.all.html
62,brca,Breast Cancer Wisconsin Diagnostic Dataset from UCI Machine Learning Repository,General Statistics Teaching,Rdatasets (R package: dslabs),569,1 factor / 1 binary cols,https://vincentarelbundock.github.io/Rdatasets/csv/dslabs/brca.csv,https://vincentarelbundock.github.io/Rdatasets/doc/dslabs/brca.html
63,brexit_polls,Brexit Poll Data,General Statistics Teaching,Rdatasets (R package: dslabs),127,2 factor / 1 binary cols,https://vincentarelbundock.github.io/Rdatasets/csv/dslabs/brexit_polls.csv,https://vincentarelbundock.github.io/Rdatasets/doc/dslabs/brexit_polls.html
64,death_prob,2015 US Period Life Table,General Statistics Teaching,Rdatasets (R package: dslabs),240,1 factor / 1 binary cols,https://vincentarelbundock.github.io/Rdatasets/csv/dslabs/death_prob.csv,https://vincentarelbundock.github.io/Rdatasets/doc/dslabs/death_prob.html
65,gapminder,Gapminder Data,General Statistics Teaching,Rdatasets (R package: dslabs),10545,3 factor / 0 binary cols,https://vincentarelbundock.github.io/Rdatasets/csv/dslabs/gapminder.csv,https://vincentarelbundock.github.io/Rdatasets/doc/dslabs/gapminder.html
66,heights,Self-reported Heights in Inches,General Statistics Teaching,Rdatasets (R package: dslabs),1050,1 factor / 1 binary cols,https://vincentarelbundock.github.io/Rdatasets/csv/dslabs/heights.csv,https://vincentarelbundock.github.io/Rdatasets/doc/dslabs/heights.html
67,mice_weights (mice_weigths),Mice weights,General Statistics Teaching,Rdatasets (R package: dslabs),780,4 factor / 3 binary cols,https://vincentarelbundock.github.io/Rdatasets/csv/dslabs/mice_weights.csv,https://vincentarelbundock.github.io/Rdatasets/doc/dslabs/mice_weights.html
68,movielens,Movie ratings,General Statistics Teaching,Rdatasets (R package: dslabs),100004,1 factor / 0 binary cols,https://vincentarelbundock.github.io/Rdatasets/csv/dslabs/movielens.csv,https://vincentarelbundock.github.io/Rdatasets/doc/dslabs/movielens.html
69,absenteeism_tbl_df,Absenteeism from School in New South Wales,Education,Rdatasets (R package: educationR),146,4 factor / 3 binary cols,https://vincentarelbundock.github.io/Rdatasets/csv/educationR/absenteeism_tbl_df.csv,https://vincentarelbundock.github.io/Rdatasets/doc/educationR/absenteeism_tbl_df.html
70,Achieve_tbl_df,Math Achievement Test Scores by Gender,Education,Rdatasets (R package: educationR),25,1 factor / 1 binary cols,https://vincentarelbundock.github.io/Rdatasets/csv/educationR/Achieve_tbl_df.csv,https://vincentarelbundock.github.io/Rdatasets/doc/educationR/Achieve_tbl_df.html
71,Bigten_tbl_df,Grad Rates: Athletes vs. Non-Athletes Big Ten Conf.,Education,Rdatasets (R package: educationR),44,1 factor / 2 binary cols,https://vincentarelbundock.github.io/Rdatasets/csv/educationR/Bigten_tbl_df.csv,https://vincentarelbundock.github.io/Rdatasets/doc/educationR/Bigten_tbl_df.html
72,Blackedu_tbl_df,Education Level of Blacks by Gender,Education,Rdatasets (R package: educationR),3800,2 factor / 1 binary cols,https://vincentarelbundock.github.io/Rdatasets/csv/educationR/Blackedu_tbl_df.csv,https://vincentarelbundock.github.io/Rdatasets/doc/educationR/Blackedu_tbl_df.html
73,Develop_tbl_df,Dev Students: 2-Year & 4-Year College Demographics,Education,Rdatasets (R package: educationR),5656,2 factor / 1 binary cols,https://vincentarelbundock.github.io/Rdatasets/csv/educationR/Develop_tbl_df.csv,https://vincentarelbundock.github.io/Rdatasets/doc/educationR/Develop_tbl_df.html
74,drug_use_tbl_df,Drug use of students and parents,Education,Rdatasets (R package: educationR),445,2 factor / 2 binary cols,https://vincentarelbundock.github.io/Rdatasets/csv/educationR/drug_use_tbl_df.csv,https://vincentarelbundock.github.io/Rdatasets/doc/educationR/drug_use_tbl_df.html
75,Engineer_tbl_df,Engineering Grads Salary: 10 Years Post-Graduation,Education,Rdatasets (R package: educationR),51,1 factor / 0 binary cols,https://vincentarelbundock.github.io/Rdatasets/csv/educationR/Engineer_tbl_df.csv,https://vincentarelbundock.github.io/Rdatasets/doc/educationR/Engineer_tbl_df.html
76,Adler,Experimenter Expectations,General Statistics Teaching,Rdatasets (R package: carData),108,2 factor / 1 binary cols,https://vincentarelbundock.github.io/Rdatasets/csv/carData/Adler.csv,https://vincentarelbundock.github.io/Rdatasets/doc/carData/Adler.html
77,AMSsurvey,American Math Society Survey Data,General Statistics Teaching,Rdatasets (R package: carData),24,3 factor / 2 binary cols,https://vincentarelbundock.github.io/Rdatasets/csv/carData/AMSsurvey.csv,https://vincentarelbundock.github.io/Rdatasets/doc/carData/AMSsurvey.html
78,Angell,Moral Integration of American Cities,General Statistics Teaching,Rdatasets (R package: carData),43,1 factor / 0 binary cols,https://vincentarelbundock.github.io/Rdatasets/csv/carData/Angell.csv,https://vincentarelbundock.github.io/Rdatasets/doc/carData/Angell.html
79,Arrests,Arrests for Marijuana Possession,General Statistics Teaching,Rdatasets (R package: carData),5226,5 factor / 5 binary cols,https://vincentarelbundock.github.io/Rdatasets/csv/carData/Arrests.csv,https://vincentarelbundock.github.io/Rdatasets/doc/carData/Arrests.html
80,Baumann,Methods of Teaching Reading Comprehension,General Statistics Teaching,Rdatasets (R package: carData),66,1 factor / 0 binary cols,https://vincentarelbundock.github.io/Rdatasets/csv/carData/Baumann.csv,https://vincentarelbundock.github.io/Rdatasets/doc/carData/Baumann.html
81,BEPS,British Election Panel Study,General Statistics Teaching,Rdatasets (R package: carData),1525,2 factor / 1 binary cols,https://vincentarelbundock.github.io/Rdatasets/csv/carData/BEPS.csv,https://vincentarelbundock.github.io/Rdatasets/doc/carData/BEPS.html
82,Blackmore,Exercise Histories of Eating-Disordered and Control Subjects,General Statistics Teaching,Rdatasets (R package: carData),945,2 factor / 1 binary cols,https://vincentarelbundock.github.io/Rdatasets/csv/carData/Blackmore.csv,https://vincentarelbundock.github.io/Rdatasets/doc/carData/Blackmore.html
83,Burt,Fraudulent Data on IQs of Twins Raised Apart,General Statistics Teaching,Rdatasets (R package: carData),27,1 factor / 0 binary cols,https://vincentarelbundock.github.io/Rdatasets/csv/carData/Burt.csv,https://vincentarelbundock.github.io/Rdatasets/doc/carData/Burt.html
84,AHCAvote2017,Congressional Votes on American Health Care Act (in 2017),General Statistics Teaching,Rdatasets (R package: Stat2Data),430,4 factor / 5 binary cols,https://vincentarelbundock.github.io/Rdatasets/csv/Stat2Data/AHCAvote2017.csv,https://vincentarelbundock.github.io/Rdatasets/doc/Stat2Data/AHCAvote2017.html
85,Airlines,Ontime Records for Two Airlines at Two Airports,General Statistics Teaching,Rdatasets (R package: Stat2Data),10333,3 factor / 5 binary cols,https://vincentarelbundock.github.io/Rdatasets/csv/Stat2Data/Airlines.csv,https://vincentarelbundock.github.io/Rdatasets/doc/Stat2Data/Airlines.html
86,AlitoConfirmation,US Senate Votes on Samuel Alito for the Supreme Court,General Statistics Teaching,Rdatasets (R package: Stat2Data),100,4 factor / 3 binary cols,https://vincentarelbundock.github.io/Rdatasets/csv/Stat2Data/AlitoConfirmation.csv,https://vincentarelbundock.github.io/Rdatasets/doc/Stat2Data/AlitoConfirmation.html
87,Amyloid,Amyloid-beta and Cognitive Impairment,General Statistics Teaching,Rdatasets (R package: Stat2Data),57,1 factor / 0 binary cols,https://vincentarelbundock.github.io/Rdatasets/csv/Stat2Data/Amyloid.csv,https://vincentarelbundock.github.io/Rdatasets/doc/Stat2Data/Amyloid.html
88,AppleStock,Daily Price and Volume of Apple Stock,General Statistics Teaching,Rdatasets (R package: Stat2Data),66,1 factor / 0 binary cols,https://vincentarelbundock.github.io/Rdatasets/csv/Stat2Data/AppleStock.csv,https://vincentarelbundock.github.io/Rdatasets/doc/Stat2Data/AppleStock.html
89,AthleteGrad,"Athletic Participation, Race, and Graduation",General Statistics Teaching,Rdatasets (R package: Stat2Data),214555,2 factor / 3 binary cols,https://vincentarelbundock.github.io/Rdatasets/csv/Stat2Data/AthleteGrad.csv,https://vincentarelbundock.github.io/Rdatasets/doc/Stat2Data/AthleteGrad.html
90,AudioVisual,Reaction Times to Audio and Visual Stimuli,General Statistics Teaching,Rdatasets (R package: Stat2Data),72,3 factor / 2 binary cols,https://vincentarelbundock.github.io/Rdatasets/csv/Stat2Data/AudioVisual.csv,https://vincentarelbundock.github.io/Rdatasets/doc/Stat2Data/AudioVisual.html
91,august_senate_polls,How Much Trouble Is Ted Cruz Really In?,Journalism/Social Data,Rdatasets (R package: fivethirtyeight),594,2 factor / 0 binary cols,https://vincentarelbundock.github.io/Rdatasets/csv/fivethirtyeight/august_senate_polls.csv,https://vincentarelbundock.github.io/Rdatasets/doc/fivethirtyeight/august_senate_polls.html
92,bechdel,The Dollar-And-Cents Case Against Hollywood's Exclusion of Women,Journalism/Social Data,Rdatasets (R package: fivethirtyeight),1794,1 factor / 1 binary cols,https://vincentarelbundock.github.io/Rdatasets/csv/fivethirtyeight/bechdel.csv,https://vincentarelbundock.github.io/Rdatasets/doc/fivethirtyeight/bechdel.html
93,absenteeism,Absenteeism from school in New South Wales,General Statistics Teaching,Rdatasets (R package: openintro),146,4 factor / 3 binary cols,https://vincentarelbundock.github.io/Rdatasets/csv/openintro/absenteeism.csv,https://vincentarelbundock.github.io/Rdatasets/doc/openintro/absenteeism.html
94,acs12,"American Community Survey, 2012",General Statistics Teaching,Rdatasets (R package: openintro),2000,9 factor / 5 binary cols,https://vincentarelbundock.github.io/Rdatasets/csv/openintro/acs12.csv,https://vincentarelbundock.github.io/Rdatasets/doc/openintro/acs12.html
95,ames,"Housing prices in Ames, Iowa",General Statistics Teaching,Rdatasets (R package: openintro),2930,43 factor / 3 binary cols,https://vincentarelbundock.github.io/Rdatasets/csv/openintro/ames.csv,https://vincentarelbundock.github.io/Rdatasets/doc/openintro/ames.html
96,antibiotics,Pre-existing conditions in 92 children,General Statistics Teaching,Rdatasets (R package: openintro),92,1 factor / 0 binary cols,https://vincentarelbundock.github.io/Rdatasets/csv/openintro/antibiotics.csv,https://vincentarelbundock.github.io/Rdatasets/doc/openintro/antibiotics.html
97,agefat,Total Body Composision Data,Medicine/Clinical,Rdatasets (R package: HSAUR),25,1 factor / 1 binary cols,https://vincentarelbundock.github.io/Rdatasets/csv/HSAUR/agefat.csv,https://vincentarelbundock.github.io/Rdatasets/doc/HSAUR/agefat.html
98,bladdercancer,Bladder Cancer Data,Medicine/Clinical,Rdatasets (R package: HSAUR),31,1 factor / 1 binary cols,https://vincentarelbundock.github.io/Rdatasets/csv/HSAUR/bladdercancer.csv,https://vincentarelbundock.github.io/Rdatasets/doc/HSAUR/bladdercancer.html
99,BtheB,Beat the Blues Data,Medicine/Clinical,Rdatasets (R package: HSAUR),100,3 factor / 3 binary cols,https://vincentarelbundock.github.io/Rdatasets/csv/HSAUR/BtheB.csv,https://vincentarelbundock.github.io/Rdatasets/doc/HSAUR/BtheB.html
100,aastveit.barley.height,Barley heights and environmental covariates in Norway,General Statistics Teaching,Rdatasets (R package: agridat),135,1 factor / 0 binary cols,https://vincentarelbundock.github.io/Rdatasets/csv/agridat/aastveit.barley.height.csv,https://vincentarelbundock.github.io/Rdatasets/doc/agridat/aastveit.barley.height.html
101,acorsi.grayleafspot,Multi-environment trial evaluating 36 maize genotypes in 9 locations,General Statistics Teaching,Rdatasets (R package: agridat),648,3 factor / 1 binary cols,https://vincentarelbundock.github.io/Rdatasets/csv/agridat/acorsi.grayleafspot.csv,https://vincentarelbundock.github.io/Rdatasets/doc/agridat/acorsi.grayleafspot.html
102,adugna.sorghum,Multi-environment trial of sorghum at 3 locations across 5 years,General Statistics Teaching,Rdatasets (R package: agridat),289,4 factor / 1 binary cols,https://vincentarelbundock.github.io/Rdatasets/csv/agridat/adugna.sorghum.csv,https://vincentarelbundock.github.io/Rdatasets/doc/agridat/adugna.sorghum.html
103,acs12_tbl_df,American Community Survey 2012,Economics/Labor,Rdatasets (R package: usdatasets),2000,9 factor / 5 binary cols,https://vincentarelbundock.github.io/Rdatasets/csv/usdatasets/acs12_tbl_df.csv,https://vincentarelbundock.github.io/Rdatasets/doc/usdatasets/acs12_tbl_df.html
104,ames_tbl_df,"Housing prices in Ames, Iowa",Economics/Labor,Rdatasets (R package: usdatasets),2930,43 factor / 3 binary cols,https://vincentarelbundock.github.io/Rdatasets/csv/usdatasets/ames_tbl_df.csv,https://vincentarelbundock.github.io/Rdatasets/doc/usdatasets/ames_tbl_df.html
105,births_tbl_df,"North Carolina births, 100 cases",Economics/Labor,Rdatasets (R package: usdatasets),150,3 factor / 3 binary cols,https://vincentarelbundock.github.io/Rdatasets/csv/usdatasets/births_tbl_df.csv,https://vincentarelbundock.github.io/Rdatasets/doc/usdatasets/births_tbl_df.html
106,AutoClaims,Automobile Insurance Claims,Economics/Labor,Rdatasets (R package: insuranceData),6773,3 factor / 1 binary cols,https://vincentarelbundock.github.io/Rdatasets/csv/insuranceData/AutoClaims.csv,https://vincentarelbundock.github.io/Rdatasets/doc/insuranceData/AutoClaims.html
107,AutoCollision,Automobile UK Collision Claims,Economics/Labor,Rdatasets (R package: insuranceData),32,2 factor / 0 binary cols,https://vincentarelbundock.github.io/Rdatasets/csv/insuranceData/AutoCollision.csv,https://vincentarelbundock.github.io/Rdatasets/doc/insuranceData/AutoCollision.html
108,gapminder,Gapminder data,Economics/Labor,Rdatasets (R package: gapminder),1704,2 factor / 0 binary cols,https://vincentarelbundock.github.io/Rdatasets/csv/gapminder/gapminder.csv,https://vincentarelbundock.github.io/Rdatasets/doc/gapminder/gapminder.html
109,gapminder_unfiltered,"Gapminder data, unfiltered.",Economics/Labor,Rdatasets (R package: gapminder),3313,2 factor / 0 binary cols,https://vincentarelbundock.github.io/Rdatasets/csv/gapminder/gapminder_unfiltered.csv,https://vincentarelbundock.github.io/Rdatasets/doc/gapminder/gapminder_unfiltered.html
110,attenu,The Joyner-Boore Attenuation Data,General Statistics Teaching,Rdatasets (R package: datasets),182,1 factor / 0 binary cols,https://vincentarelbundock.github.io/Rdatasets/csv/datasets/attenu.csv,https://vincentarelbundock.github.io/Rdatasets/doc/datasets/attenu.html
111,ChickWeight,Weight versus age of chicks on different diets,General Statistics Teaching,Rdatasets (R package: datasets),578,2 factor / 0 binary cols,https://vincentarelbundock.github.io/Rdatasets/csv/datasets/ChickWeight.csv,https://vincentarelbundock.github.io/Rdatasets/doc/datasets/ChickWeight.html
112,chickwts,Chicken Weights by Feed Type,General Statistics Teaching,Rdatasets (R package: datasets),71,1 factor / 0 binary cols,https://vincentarelbundock.github.io/Rdatasets/csv/datasets/chickwts.csv,https://vincentarelbundock.github.io/Rdatasets/doc/datasets/chickwts.html
113,berkeley_1973_admissions,UC Berkeley 1973 graduate admissions (classic Simpson's paradox case),Admissions,UIUC Data Science Discovery (verified),12763,"gender, major/department",https://waf.cs.illinois.edu/discovery/berkeley.csv,https://discovery.cs.illinois.edu/dataset/berkeley/
114,kidney_stone_treatment,Charig et al. 1986 kidney stone treatment success by stone size (classic reversal),Medicine/Clinical,Open Data Marketplace mirror (verified),700,"treatment, stone_size",https://www.opendatabay.com/data/healthcare/d08d5089-9fe2-4dd2-9eb6-598940602608,https://pmc.ncbi.nlm.nih.gov/articles/PMC9960320/
115,covid19_age_stratified_cfr,"Age-stratified COVID-19 case/fatality data, 11 countries + Diamond Princess, >750k cases",Epidemiology,von Kügelgen et al. 2020 (verified GitHub repo),756004,"age group, country, date",https://github.com/Juliusvk/Covid19-age-related-causal-effects,https://arxiv.org/abs/2005.07180
116,compas_two_year_recidivism,"ProPublica COMPAS recidivism risk scores, Broward County",Criminal Justice,ProPublica (verified GitHub raw CSV),7214,"race, sex, age_cat, charge_degree, priors_count",https://raw.githubusercontent.com/propublica/compas-analysis/master/compas-scores-two-years.csv,https://github.com/propublica/compas-analysis
117,diabetes_130_us_hospitals,"10 years of diabetic patient hospital encounters, 130 US hospitals",Medicine/Readmission,UCI ML Repository (verified),101766,"race, gender, age band, admission_type, medical_specialty",https://archive.ics.uci.edu/dataset/296/diabetes+130-us+hospitals+for+years+1999-2008,https://archive.ics.uci.edu/dataset/296/diabetes+130-us+hospitals+for+years+1999-2008
118,uci_adult_census_income,Census income (>50K/<=50K) by demographic and occupation attributes,Economics/Labor,UCI ML Repository (verified),48842,"occupation, education, sex, race, hours-per-week",https://archive.ics.uci.edu/dataset/2/adult,https://archive.ics.uci.edu/dataset/2/adult
119,uci_heart_disease,Cleveland/Hungarian/Switzerland/VA heart disease datasets,Medicine/Clinical,UCI ML Repository (verified),920,"site, sex, age",https://archive.ics.uci.edu/dataset/45/heart+disease,https://archive.ics.uci.edu/dataset/45/heart+disease
120,uci_german_credit,"German credit risk data, StatLog collection",Finance/Lending,UCI ML Repository (verified),1000,"age, employment status, purpose",https://archive.ics.uci.edu/dataset/144/statlog+german+credit+data,https://archive.ics.uci.edu/dataset/144/statlog+german+credit+data
121,uci_student_performance,Secondary school student performance in two Portuguese schools,Education,UCI ML Repository (verified),649,"school, sex, study time",https://archive.ics.uci.edu/dataset/320/student+performance,https://archive.ics.uci.edu/dataset/320/student+performance
122,owid_covid_data,"Our World in Data full COVID-19 dataset (cases, deaths, vaccinations by country/date)",Epidemiology,Our World in Data (verified static CSV),400000,"country, date, age (in supplementary files)",https://covid.ourworldindata.org/data/owid-covid-data.csv,https://github.com/owid/covid-19-data/tree/master/public/data
123,lahman_baseball_database,Complete MLB batting/pitching statistics 1871-2025,Sports Analytics,SABR / Chadwick Bureau (verified),0,"player, season, team, league",https://github.com/chadwickbureau/baseballdatabank,https://sabr.org/lahman-database/
124,titanic_passenger_list,"Titanic passenger survival by class, sex, age",Historical / Social Science,"Unofficial open mirror (verified, no auth needed)",891,"passenger class, sex, age",https://raw.githubusercontent.com/datasciencedojo/datasets/master/titanic.csv,https://www.kaggle.com/competitions/titanic/data
125,nyc_stop_frisk,NYC Stop-and-Frisk by Precinct & Race (2003-2023),Criminal Justice,NYC CCRB Open Data (verified),90000+,"race, precinct, frisk_outcome",https://www.nycccrb.org/public/data-download,https://www.nycccrb.org/public/data-download
126,propublica_compas_extended,ProPublica COMPAS Full Broward Dataset (7k records),Criminal Justice,ProPublica GitHub (verified),7214,"race, sex, age_category, charge_degree",https://github.com/propublica/compas-analysis/raw/master/compas-scores-two-years.csv,https://github.com/propublica/compas-analysis
127,ussc_sentencing,US Sentencing Commission Guidelines by Race & Offense Level,Criminal Justice,USSC Data & Statistics (verified),80000+,"offense_level, defendant_race, departure_type",https://www.ussc.gov/research/data-files,https://www.ussc.gov/research/data-files
128,london_stop_search,London Police Stop-Search by Ethnicity & Ward 2015-2023,Criminal Justice,UK Home Office Police Data (verified),500000+,"ethnicity, london_ward, search_outcome",https://data.police.uk/data/,https://data.police.uk/docs/method/stops/
129,birth_weight_paradox,CDC Birth Weight Paradox (Smoking x Low Birth Weight x Infant Mortality),Epidemiology,CDC/NCHS Natality Data (verified),4000000+,"maternal_smoking, birth_weight_category",https://www.cdc.gov/nchs/data_access/vitalstats.htm,https://www.cdc.gov/nchs/data_access/vitalstats.htm
130,mimic_iii_obesity,MIMIC-III ICU Obesity Paradox by Gender & Diagnosis,Medicine/Clinical,MIMIC-III / PhysioNet (verified),46520,"gender, primary_diagnosis, bmi_category",https://physionet.org/content/mimiciii/,https://mimic.mit.edu/
131,seer_prostate,SEER Prostate Cancer Treatment (Surgery vs Radiation) by Stage & Age,Medicine/Clinical,NCI SEER Program (verified),500000+,"cancer_stage, age_group, treatment_type",https://seer.cancer.gov/data/,https://seer.cancer.gov/
132,nhanes_obesity_paradox,NHANES Obesity & Health Outcomes by Age & Comorbidity,Public Health,CDC NHANES (verified),20000+,"age_group, comorbidity, bmi_category",https://wwwn.cdc.gov/nchs/nhanes/,https://www.cdc.gov/nchs/nhanes/
133,nhanes_lead_iq,NHANES II Lead Exposure & IQ by Age & Socioeconomic Status,Public Health,CDC NHANES II (verified),14000,"age_group, socioeconomic_status, blood_lead_level",https://wwwn.cdc.gov/Nchs/Nhanes/nhanes2/Default.aspx,https://www.cdc.gov/nchs/nhanes/
134,framingham_cholesterol,Framingham Heart Study Cholesterol & Mortality by Age & Sex,Public Health,Framingham Heart Study / BioLINCC (verified),5000+,"age_group, sex, cholesterol_level",https://biolincc.nhlbi.nih.gov/studies/framcohort/,https://www.framinghamheartstudy.org/
135,cdc_flu_vaccine,CDC Influenza Vaccine Effectiveness by Age & Strain,Public Health,CDC FluVax Effectiveness Network (verified),10000+,"age_group, flu_strain, vaccination_status",https://gis.cdc.gov/grasp/fluview/FluView8.html,https://www.cdc.gov/flu/vaccines-work/
136,who_malaria_drug,WHO Antimalarial Drug Efficacy by Parasite Species & Region,Public Health,WHO World Malaria Report (verified),1000+,"parasite_species, geographic_region, drug_type",https://www.who.int/teams/global-malaria-programme/reports/,https://www.who.int/teams/global-malaria-programme/
137,naep_private_vs_public,NAEP Private vs. Public School Outcomes by Income & Region,Education,National Assessment of Educational Progress (verified),300000+,"family_income_quartile, census_region, school_type",https://www.nationsreportcard.gov/ndecore/xplore/NDE,https://www.nces.ed.gov/nationsreportcard/
138,tennessee_star,Tennessee STAR Class Size & Outcomes by SES & Grade,Education,Harvard Dataverse (verified),11600,"class_size_category, ses_quartile, grade",https://dataverse.harvard.edu/dataset.xhtml?persistentId=hdl:1902.1/10766,https://www.vanderbilt.edu/peabody/
139,head_start_impact,National Head Start Impact Study by Baseline Risk & Program Duration,Education,ACF/OPRE (verified),4800,"baseline_risk_score, months_in_program, race",https://www.acf.hhs.gov/opre/report/head-start-impact-study-final-report,https://www.acf.hhs.gov/ohs/
140,college_board_ap,AP Exam Pass Rates by Race & School Type (College Board),Education,College Board Research (verified),500000+,"race, school_type, ap_subject",https://research.collegeboard.org/programs/ap/data,https://research.collegeboard.org/
141,acs_college_major_earnings,ACS College Major & Earnings by Gender & STEM Field,Economics/Labor,American Community Survey (verified),5000000+,"gender, major_stem_category, region",https://data.census.gov/table/ACSST1Y2023.S1501,https://www.census.gov/topics/education/acs.html
142,bls_gender_wage_gap,BLS Occupational Employment & Wages by Gender & Occupation 2023,Economics/Labor,Bureau of Labor Statistics OES (verified),800+,"occupation, sex, experience_level",https://www.bls.gov/oes/current/oes_nat.htm,https://www.bls.gov/oes/
143,federal_reserve_scf,Federal Reserve SCF Racial Wealth Gap by Education & Age,Economics/Labor,Federal Reserve Board SCF (verified),5000+,"race, education_level, age_group",https://www.federalreserve.gov/econres/scfindex.htm,https://www.federalreserve.gov/econres/scfindex.htm
144,cps_union_wages,CPS Union Membership & Wages by Industry & Skill Level,Economics/Labor,Census Bureau CPS (verified),60000+,"union_status, industry, skill_level",https://www.bls.gov/cps/cpswgtss.htm,https://www.census.gov/cps/
145,nces_loan_default,Student Loan Default Rates by Institution Type & Field of Study,Economics/Labor,NCES IPEDS (verified),6000+,"institution_type, program_field, cohort_year",https://nces.ed.gov/ipeds/use-the-data,https://nces.ed.gov/
146,lahman_batting_handedness,Lahman Baseball Batting Avg by Batter & Pitcher Handedness,Sports Analytics,Baseball Databank / Chadwick (verified),100000+,"batter_handedness, pitcher_handedness, season",https://github.com/chadwickbureau/baseballdatabank/raw/master/core/Batting.csv,https://github.com/chadwickbureau/baseballdatabank
147,nba_shooting_distance,NBA Shot Chart Data by Distance Category & Shot Type,Sports Analytics,NBA Stats API (verified),500000+,"distance_category, shot_type, player_position",https://stats.nba.com/leaders/,https://stats.nba.com/
148,atp_tennis_surface,ATP Tennis Match Results by Surface & Player Ranking 1968-2023,Sports Analytics,Jeff Sackmann Tennis GitHub (verified),250000+,"surface_type, player_ranking_category, tournament_level",https://github.com/JeffSackmann/tennis_atp,https://www.atptour.com/
149,nflverse_passing,NFL Play-by-Play Passing Stats by Down & Formation,Sports Analytics,nflverse GitHub (verified),700000+,"down_number, offensive_formation, game_situation",https://github.com/nflverse/nflreadr,https://github.com/nflverse/
150,olympic_medals_history,Olympic Medal History by Country Development & Sport Category,Historical / Social Science,Kaggle / IOC (verified),270000+,"country_development_level, sport_category, era",https://www.kaggle.com/datasets/heesoo37/olympic-history-data,https://www.kaggle.com/datasets/heesoo37/olympic-history-data
151,cwsac_civil_war,US Civil War Casualty Rates by Army & Battle Magnitude (CWSAC),Historical / Social Science,NPS Civil War Sites Advisory Commission (verified),384,"army, battle_size_category, theater",https://www.nps.gov/abpp/battles/bystate.htm,https://www.nps.gov/cwsac/
152,world_bank_co2_gdp,World Bank CO2 Emissions & GDP Growth by Development Level & Sector,Journalism/Social Data,World Bank Open Data (verified),200+,"development_level, emission_sector, year",https://data.worldbank.org/indicator/EN.ATM.CO2E.PC,https://data.worldbank.org/
153,iucn_red_list,IUCN Red List Species Extinction Risk by Habitat & Conservation Level,Journalism/Social Data,IUCN Red List (verified),150000+,"habitat_type, conservation_level, taxonomic_group",https://www.iucnredlist.org/resources/grid,https://www.iucnredlist.org/
